{
  "Passing Yards": {
    "low": 0.599483204134367,
    "medium": 0.49870801033591733,
    "high": 0.4005167958656331,
    "mean": 1097.7416020671835,
    "std": 1400.1620392534355,
    "samples": 387
  },
  "Rushing Yards (RB)": {
    "low": 0.6003344481605352,
    "medium": 0.5,
    "high": 0.3996655518394649,
    "mean": 282.3010033444816,
    "std": 364.27714571938765,
    "samples": 598
  },
  "Receiving Yards (WR)": {
    "low": 0.6,
    "medium": 0.49949238578680205,
    "high": 0.4,
    "mean": 277.61319796954314,
    "std": 355.1002544061256,
    "samples": 985
  },
  "Receiving Yards (TE)": {
    "low": 0.5945945945945946,
    "medium": 0.4972972972972973,
    "high": 0.4,
    "mean": 163.46306306306306,
    "std": 226.87711965690525,
    "samples": 555
  },
  "Receptions (WR)": {
    "low": 0.582741116751269,
    "medium": 0.48223350253807107,
    "high": 0.3928934010152284,
    "mean": 22.116751269035532,
    "std": 27.361617336264306,
    "samples": 985
  },
  "Receptions (TE)": {
    "low": 0.5891891891891892,
    "medium": 0.4972972972972973,
    "high": 0.3981981981981982,
    "mean": 16.052252252252252,
    "std": 21.295475218313374,
    "samples": 555
  },
  "Receptions (RB)": {
    "low": 0.5903010033444817,
    "medium": 0.4899665551839465,
    "high": 0.3896321070234114,
    "mean": 13.48494983277592,
    "std": 17.001791439184657,
    "samples": 598
  }
}